date,temperature_low,temperature_high,forecast,humidity_low,humidity_high,wind_speed_low,wind_speed_high,wind_direction,pm25_east,pm25_west,pm25_north,pm25_south,pm25_central
2024/10/11,25,33,Thundery Showers,60,95,10,15,SSW,12,15,9,12,32
2024/10/10,25,33,Thundery Showers,60,95,5,15,ESE,8,17,17,12,17
2024/10/9,25,33,Thundery Showers,60,95,5,15,SSE,13,16,18,6,21
2024/10/8,25,33,Thundery Showers,60,95,5,15,SSE,10,16,9,14,15
2024/10/7,25,33,Thundery Showers,60,95,10,20,SSE,24,18,21,19,25
2024/10/6,25,34,Thundery Showers,55,95,10,20,SSE,6,3,3,3,2
2024/10/5,25,33,Thundery Showers,60,95,10,20,SSW,15,12,19,14,21
2024/10/4,24,34,Thundery Showers,55,95,5,15,WSW,18,26,27,19,27
2024/10/3,25,34,Thundery Showers,55,95,5,15,VARIABLE,9,12,9,13,11
2024/10/2,25,34,Thundery Showers,55,95,5,15,VARIABLE,9,16,18,9,14
2024/10/1,25,33,Thundery Showers,60,95,5,15,SSW,5,22,30,4,4
2024/9/30,25,33,Thundery Showers,60,95,5,15,SSW,9,7,5,8,8
2024/9/29,25,33,Thundery Showers,60,95,5,15,S,6,13,6,6,11
2024/9/28,25,33,Thundery Showers,60,95,5,15,SSE,14,20,12,7,19
2024/9/27,25,34,Thundery Showers,55,95,5,15,SE,17,18,15,13,20
2024/9/26,25,34,Thundery Showers,55,95,5,15,SW,12,11,21,8,7
2024/9/25,25,33,Thundery Showers,60,95,5,10,VARIABLE,11,21,12,17,30
2024/9/24,24,34,Thundery Showers,55,95,5,10,VARIABLE,15,16,18,20,29
2024/9/23,24,34,Thundery Showers,55,95,5,15,VARIABLE,16,22,10,17,18
2024/9/22,25,34,Thundery Showers,60,95,5,15,SE,22,35,16,13,25
2024/9/21,25,34,Thundery Showers,55,95,5,15,SSE,14,14,8,13,11
2024/9/20,23,33,Thundery Showers,60,95,10,15,SSW,30,21,15,17,23
2024/9/19,26,33,Showers,60,95,10,20,S,18,15,17,15,28
2024/9/18,26,34,Partly Cloudy (Day),55,95,15,25,SSW,5,5,4,4,5
2024/9/17,24,34,Light Rain,55,95,15,30,SW,13,17,13,13,22
2024/9/16,26,34,Partly Cloudy (Day),60,95,15,30,SW,7,16,8,9,17
2024/9/15,24,33,Thundery Showers,60,95,15,30,SSW,14,28,14,16,27
2024/9/14,24,33,Thundery Showers,60,95,15,30,SSW,10,3,2,7,7
2024/9/13,24,33,Thundery Showers,60,95,15,30,SSW,9,9,19,10,15
2024/9/12,25,33,Thundery Showers,60,95,15,25,S,10,8,17,7,12
2024/9/11,24,32,Thundery Showers,60,95,10,25,SSW,10,9,9,8,11
2024/9/10,25,33,Thundery Showers,60,95,10,25,S,5,5,4,5,7
2024/9/9,25,34,Thundery Showers,60,95,10,20,SSW,13,10,16,9,11
2024/9/8,25,33,Thundery Showers,60,95,10,20,SSW,21,15,11,16,15
2024/9/7,26,34,Thundery Showers,60,95,10,25,SSE,15,15,7,10,9
2024/9/6,26,34,Showers,55,95,15,30,SSE,14,30,18,8,16
2024/9/5,25,34,Showers,55,95,15,30,SSW,25,28,32,24,33
2024/9/4,25,34,Partly Cloudy (Day),55,95,10,25,S,19,30,17,17,24
2024/9/3,25,33,Thundery Showers,60,95,15,25,SSE,14,16,7,14,14
2024/9/2,25,33,Thundery Showers,55,95,15,25,SSE,8,14,10,9,16
2024/9/1,25,34,Thundery Showers,60,95,15,25,S,10,16,7,7,10
2024/8/31,25,34,Partly Cloudy (Day),55,95,10,20,S,14,16,12,15,15
2024/8/30,25,34,Thundery Showers,60,95,15,25,S,13,22,12,14,21
2024/8/29,26,34,Partly Cloudy (Day),55,90,15,25,SSE,23,19,24,29,31
2024/8/28,26,34,Partly Cloudy (Day),55,90,15,25,S,5,3,5,6,3
2024/8/27,25,33,Thundery Showers,65,95,10,20,SSW,15,29,23,11,35
2024/8/26,25,34,Thundery Showers,60,95,15,25,SSW,13,28,23,15,30
2024/8/25,25,34,Thundery Showers,60,95,15,25,SSW,18,14,16,5,15
2024/8/24,24,34,Thundery Showers,65,95,10,20,SW,6,8,4,7,7
2024/8/23,24,32,Thundery Showers,65,95,10,20,SSW,7,5,4,6,7
2024/8/22,25,32,Thundery Showers,65,95,10,20,SSW,9,19,10,13,23
2024/8/21,25,33,Thundery Showers,65,90,10,20,ESE,14,12,8,6,16
2024/8/20,25,34,Cloudy,55,90,10,20,SSE,12,18,9,7,13
2024/8/19,24,34,Thundery Showers,65,95,10,20,SSE,6,7,4,7,5
2024/8/18,24,32,Thundery Showers,70,95,10,15,SE,15,10,7,9,16
2024/8/17,24,33,Thundery Showers,65,95,10,20,SE,11,10,7,5,8
2024/8/16,25,33,Thundery Showers,65,95,10,20,SE,9,16,10,13,18
2024/8/15,24,32,Thundery Showers,65,95,10,20,SE,23,24,21,9,19
2024/8/14,24,33,Thundery Showers,60,95,10,20,SSE,10,13,10,9,15
2024/8/13,25,33,Thundery Showers,65,95,10,25,SE,17,18,16,17,22
2024/8/12,25,34,Showers,55,90,15,30,SE,9,10,5,6,13
2024/8/11,25,33,Thundery Showers,60,95,15,25,SSE,11,13,11,7,8
2024/8/10,24,33,Thundery Showers,65,95,10,25,SSW,14,13,15,11,25
2024/8/9,24,32,Thundery Showers,65,95,10,20,S,6,7,3,8,5
2024/8/8,24,32,Thundery Showers,65,95,10,25,SE,8,9,4,7,15
2024/8/7,25,34,Showers,60,95,10,20,SSE,11,13,9,12,11
2024/8/6,25,34,Showers,60,95,10,25,S,14,22,17,13,17
2024/8/5,25,33,Thundery Showers,60,95,10,20,SSE,18,17,8,19,22
2024/8/4,25,33,Thundery Showers,60,95,10,20,SSE,12,8,6,8,8
2024/8/3,24,33,Thundery Showers,60,95,10,25,SSE,7,9,6,6,10
2024/8/2,25,34,Thundery Showers,60,95,10,25,SSE,8,12,9,10,11
2024/8/1,25,33,Thundery Showers,60,95,10,20,SSE,33,18,16,11,25
2024/7/31,26,34,Thundery Showers,55,95,10,25,SSE,14,17,6,6,16
2024/7/30,26,34,Thundery Showers,55,95,10,25,SSE,11,15,12,11,11
2024/7/29,26,34,Thundery Showers,60,95,10,25,SSE,16,15,8,12,15
2024/7/28,27,34,Windy,55,90,10,25,SSE,13,13,5,9,11
2024/7/27,27,34,Windy,55,90,15,25,SSE,17,21,11,14,19
2024/7/26,27,34,Windy,50,90,15,30,SSE,24,36,17,23,36
2024/7/25,27,34,Windy,50,90,15,30,SSE,16,24,14,19,23
2024/7/24,27,34,Windy,50,90,15,30,S,22,31,18,19,31
2024/7/23,27,34,Fair (Day),50,90,15,25,S,24,27,12,15,27
2024/7/22,27,34,Windy,50,90,15,25,SSE,16,16,9,14,15
2024/7/21,26,34,Partly Cloudy (Day),50,85,15,25,SSE,12,12,13,12,10
2024/7/20,25,34,Thundery Showers,55,95,15,30,SSE,14,13,7,11,9
2024/7/19,26,34,Windy,50,90,15,30,SSE,15,14,7,11,18
2024/7/18,26,34,Windy,55,90,15,30,SSE,16,24,6,13,17
2024/7/17,26,33,Windy,55,90,15,30,SSE,12,19,7,11,15
2024/7/16,26,33,Fair (Day),50,85,15,30,SSE,13,18,12,9,12
2024/7/15,25,34,Fair (Day),50,85,15,30,S,18,23,16,17,23
2024/7/14,25,34,Fair (Day),50,85,15,30,S,18,23,9,17,22
2024/7/13,25,33,Thundery Showers,60,95,15,25,SSE,11,26,14,11,11
2024/7/12,25,33,Thundery Showers,55,95,15,25,SSE,10,12,5,6,10
2024/7/11,25,34,Thundery Showers,60,95,15,25,SSE,10,13,12,9,16
2024/7/10,25,33,Thundery Showers,60,95,15,25,SSE,7,9,17,9,11
2024/7/9,24,32,Thundery Showers,65,95,15,25,SSE,8,18,10,4,13
2024/7/8,25,34,Thundery Showers,60,95,15,25,SSE,9,23,14,9,9
2024/7/7,25,33,Thundery Showers,60,95,10,20,SSW,14,12,8,7,7
2024/7/6,25,34,Thundery Showers,55,95,5,15,S,25,22,19,30,29
2024/7/5,25,33,Thundery Showers,60,95,5,15,W,11,23,7,5,20
2024/7/4,25,34,Thundery Showers,60,95,5,15,SW,11,11,7,9,8
2024/7/3,25,33,Thundery Showers,55,95,10,20,SSE,7,12,8,5,15
2024/7/2,25,33,Thundery Showers,60,95,10,25,SSE,9,32,10,12,20
2024/7/1,25,34,Thundery Showers,55,95,10,20,S,11,13,10,9,18
2024/6/30,25,34,Thundery Showers,55,90,5,15,SSE,6,11,9,4,12
2024/6/29,25,33,Thundery Showers,60,95,10,20,S,8,20,13,13,23
2024/6/28,25,34,Thundery Showers,55,95,10,20,SSE,12,20,15,15,17
2024/6/27,25,34,Thundery Showers,55,95,5,15,SE,14,15,12,20,23
2024/6/26,25,34,Thundery Showers,55,95,5,15,ESE,6,10,10,3,11
2024/6/25,25,34,Thundery Showers,55,95,5,15,ESE,6,25,5,7,23
2024/6/24,25,34,Thundery Showers,50,90,10,20,SSE,10,20,9,11,18
2024/6/23,25,34,Partly Cloudy (Day),50,90,15,25,SSE,9,11,12,12,11
2024/6/22,25,34,Windy,50,90,15,30,SSE,3,4,4,4,4
2024/6/21,23,33,Thundery Showers,60,95,15,30,SW,3,4,3,4,3
2024/6/20,24,32,Thundery Showers,60,95,15,25,SW,13,18,25,15,31
2024/6/19,24,33,Thundery Showers,60,95,10,20,SSW,9,18,15,13,12
2024/6/18,24,33,Thundery Showers,60,95,10,20,SSW,22,7,12,6,12
2024/6/17,25,34,Thundery Showers,60,95,10,20,SW,8,7,5,6,6
2024/6/16,23,33,Thundery Showers,65,95,10,20,SW,10,6,6,4,8
2024/6/15,24,33,Thundery Showers,65,95,10,20,SSW,17,30,21,14,26
2024/6/14,25,34,Thundery Showers,60,95,5,15,SW,8,19,13,5,29
2024/6/13,25,34,Thundery Showers,60,95,5,15,SW,21,13,21,5,25
2024/6/12,25,34,Thundery Showers,60,95,5,15,SW,17,31,17,14,25
2024/6/11,25,34,Thundery Showers,60,95,5,15,S,14,26,14,19,15
2024/6/10,25,34,Thundery Showers,60,95,5,15,SSE,14,12,10,7,9
2024/6/9,25,34,Thundery Showers,60,95,5,15,SSW,15,17,12,7,12
2024/6/8,25,33,Thundery Showers,60,95,10,20,SSW,8,14,15,7,14
2024/6/7,25,34,Thundery Showers,60,95,10,15,SW,17,20,15,10,23
2024/6/6,25,34,Thundery Showers,60,95,10,15,SW,6,9,4,7,3
2024/6/5,25,33,Thundery Showers,60,95,10,15,SSE,4,12,22,5,10
2024/6/4,25,34,Thundery Showers,60,95,10,20,SE,18,18,8,7,17
2024/6/3,25,34,Thundery Showers,60,95,5,15,SSE,6,13,12,5,16
2024/6/2,25,34,Thundery Showers,60,95,5,10,VARIABLE,10,14,14,9,18
2024/6/1,24,34,Thundery Showers,60,95,10,20,SSE,8,9,6,17,7
2024/5/31,25,34,Thundery Showers,60,95,10,20,S,11,10,15,5,10
2024/5/30,25,33,Thundery Showers,60,95,10,20,S,11,15,20,9,13
2024/5/29,26,35,Thundery Showers,60,95,10,25,SSE,9,21,20,7,23
2024/5/28,25,34,Thundery Showers,60,95,10,25,SSE,9,12,9,11,13
2024/5/27,25,34,Thundery Showers,60,95,10,25,SSE,8,8,8,6,7
2024/5/26,25,34,Thundery Showers,60,95,10,25,SSE,6,11,6,3,11
2024/5/25,25,34,Thundery Showers,55,95,10,20,SE,10,16,8,9,15
2024/5/24,25,34,Thundery Showers,55,95,10,20,SE,12,10,7,8,17
2024/5/23,24,34,Thundery Showers,55,95,5,15,ESE,14,12,7,5,12
2024/5/22,25,34,Thundery Showers,55,95,5,15,SE,9,26,22,11,18
2024/5/21,24,34,Thundery Showers,60,95,10,20,SE,6,9,12,3,12
2024/5/20,24,33,Thundery Showers,60,95,10,20,SE,3,7,10,4,4
2024/5/19,24,33,Thundery Showers,65,95,10,15,SSE,9,6,5,6,8
2024/5/18,24,33,Thundery Showers,65,95,10,25,SSE,26,16,24,12,16
2024/5/17,24,33,Thundery Showers,65,95,10,20,SSE,12,11,16,10,18
2024/5/16,24,33,Thundery Showers,65,95,10,25,SSE,14,7,6,10,10
2024/5/15,23,32,Thundery Showers,65,95,5,20,S,25,6,16,9,22
2024/5/14,24,34,Thundery Showers,60,95,5,15,SSE,23,8,6,15,17
2024/5/13,24,34,Thundery Showers,60,95,5,10,VARIABLE,8,12,17,7,12
2024/5/12,24,34,Thundery Showers,60,95,5,10,SW,6,6,5,8,9
2024/5/11,24,33,Thundery Showers,65,95,5,15,SW,15,15,20,11,25
2024/5/10,25,33,Thundery Showers,65,95,5,20,SSE,11,11,5,11,10
2024/5/9,25,34,Thundery Showers,60,95,5,20,SSE,8,14,26,3,15
2024/5/8,24,33,Thundery Showers,60,95,5,15,SSE,7,6,4,8,8
2024/5/7,24,34,Thundery Showers,60,95,5,15,SSE,13,21,11,5,10
2024/5/6,24,34,Thundery Showers,60,95,5,15,SE,6,7,5,6,8
2024/5/5,24,34,Thundery Showers,60,95,5,15,S,16,8,11,5,11
2024/5/4,23,33,Thundery Showers,60,95,5,15,S,9,19,19,11,29
2024/5/3,24,33,Thundery Showers,60,95,5,20,SW,7,24,12,5,4
2024/5/2,24,33,Thundery Showers,60,95,5,20,SW,7,4,12,6,12
2024/5/1,24,35,Thundery Showers,60,95,5,15,SE,4,9,4,5,4
2024/4/30,24,35,Thundery Showers,60,95,5,15,SE,7,13,11,8,10
2024/4/29,24,34,Thundery Showers,60,95,5,15,SE,14,12,11,4,7
2024/4/28,24,34,Thundery Showers,60,95,5,15,ESE,8,13,7,3,11
2024/4/27,24,34,Thundery Showers,60,95,5,15,SSE,10,20,10,6,20
2024/4/26,24,34,Thundery Showers,60,95,5,15,VARIABLE,19,40,12,11,23
2024/4/25,25,35,Thundery Showers,60,95,5,15,VARIABLE,7,10,6,5,8
2024/4/24,24,34,Thundery Showers,60,95,5,15,SE,10,15,19,6,24
2024/4/23,24,34,Thundery Showers,60,95,5,15,VARIABLE,18,24,15,10,31
2024/4/22,24,34,Thundery Showers,50,95,5,15,VARIABLE,30,20,18,20,20
2024/4/21,24,34,Thundery Showers,50,95,5,15,VARIABLE,16,7,15,7,14
2024/4/20,24,34,Thundery Showers,60,95,5,15,WNW,5,19,9,4,11
2024/4/19,24,34,Thundery Showers,60,95,5,15,W,11,19,34,8,15
2024/4/18,24,34,Thundery Showers,60,95,5,15,SW,20,23,16,18,25
2024/4/17,24,33,Thundery Showers,60,95,5,15,WSW,16,3,9,8,16
2024/4/16,24,33,Thundery Showers,60,95,5,15,VARIABLE,6,7,9,7,17
2024/4/15,24,34,Thundery Showers,60,95,5,15,ENE,7,10,8,8,16
2024/4/14,25,34,Thundery Showers,60,95,5,15,ENE,7,9,4,7,11
2024/4/13,25,34,Thundery Showers,60,95,5,20,ENE,8,13,14,12,11
2024/4/12,25,34,Thundery Showers,65,95,5,15,NE,5,12,10,7,10
2024/4/11,25,33,Thundery Showers,65,95,5,15,NE,5,7,5,5,3
2024/4/10,25,34,Thundery Showers,60,95,10,20,NE,12,23,17,15,23
2024/4/9,25,34,Thundery Showers,60,95,10,20,NE,31,23,33,15,37
2024/4/8,24,34,Thundery Showers,60,95,5,15,N,6,8,12,7,11
2024/4/7,25,34,Thundery Showers,55,95,5,15,NNW,9,12,10,8,14
2024/4/6,25,35,Showers,50,95,5,15,NE,7,11,16,5,16
2024/4/5,26,35,Fair & Warm,50,85,5,15,NNW,37,13,16,12,21
2024/4/4,26,35,Fair & Warm,55,90,5,15,NNW,27,17,10,17,27
2024/4/3,25,35,Thundery Showers,55,95,5,15,NNW,7,8,9,4,6
2024/4/2,25,34,Thundery Showers,55,95,5,15,VARIABLE,4,8,8,5,9
2024/4/1,25,35,Thundery Showers,55,95,5,15,VARIABLE,18,15,13,18,16
2024/3/31,25,35,Thundery Showers,55,95,5,15,VARIABLE,17,21,17,7,20
2024/3/30,25,35,Thundery Showers,55,95,5,15,VARIABLE,4,7,11,3,8
2024/3/29,25,35,Thundery Showers,50,95,5,20,E,9,8,15,6,7
2024/3/28,26,35,Thundery Showers,50,95,5,15,E,29,13,11,16,13
2024/3/27,25,35,Thundery Showers,50,95,5,15,E,25,12,16,14,12
2024/3/26,26,35,Fair & Warm,50,90,5,20,NNE,25,13,16,10,15
2024/3/25,26,35,Thundery Showers,50,90,10,20,NE,16,14,20,10,12
2024/3/24,25,35,Thundery Showers,55,95,5,15,NE,15,16,25,12,26
2024/3/23,25,35,Thundery Showers,55,95,5,15,ENE,15,15,15,10,21
2024/3/22,25,35,Thundery Showers,55,95,5,15,VARIABLE,28,19,26,23,24
2024/3/21,26,35,Thundery Showers,55,95,10,20,NE,14,14,10,13,28
2024/3/20,26,35,Thundery Showers,55,95,10,20,NNE,13,11,10,9,22
2024/3/19,25,34,Showers,55,95,15,25,NNE,11,10,7,11,12
2024/3/18,25,35,Thundery Showers,50,95,10,20,NNE,22,9,6,5,9
2024/3/17,24,35,Showers,55,95,10,20,NE,19,16,9,13,19
2024/3/16,24,35,Showers,50,90,10,20,NNE,26,9,9,11,11
2024/3/15,24,35,Fair & Warm,50,85,10,15,NNE,32,17,11,10,20
2024/3/14,24,35,Fair & Warm,50,85,10,20,NNE,17,10,8,10,16
2024/3/13,24,35,Fair & Warm,50,85,10,20,NNE,17,11,7,12,17
2024/3/12,25,35,Partly Cloudy (Day),50,85,15,25,NNE,29,16,10,16,16
2024/3/11,24,34,Fair (Day),50,90,15,25,NNW,24,14,12,14,23
2024/3/8,24,34,Thundery Showers,65,95,5,15,N,9,5,4,12,15
2024/3/6,24,34,Thundery Showers,65,95,5,15,N,19,10,10,11,14
2024/3/5,24,34,Thundery Showers,65,95,5,15,N,24,12,7,4,13
2024/3/4,24,32,Heavy Thundery Showers,60,100,10,15,NE,31,15,8,19,27
2024/3/3,24,31,Thundery Showers,65,95,10,20,NE,18,5,10,11,9
2024/3/2,24,32,Thundery Showers,65,95,10,20,NE,16,9,5,11,10
2024/3/1,24,33,Thundery Showers,60,95,10,25,NE,17,13,9,12,16
2024/2/29,25,34,Thundery Showers,60,95,10,25,NE,6,8,5,4,8
2024/2/28,26,34,Passing Showers,55,90,15,25,NE,19,7,9,12,12
2024/2/27,26,34,Passing Showers,55,95,15,30,NE,15,3,9,10,11
2024/2/26,26,34,Passing Showers,55,90,15,30,NE,16,7,6,13,11
2024/2/25,25,34,Showers,55,90,10,30,NE,14,9,7,10,13
2024/2/24,25,34,Showers,55,85,10,25,NNE,22,12,10,20,16
2024/2/23,25,34,Thundery Showers,55,95,10,20,NNE,21,16,10,14,29
2024/2/22,24,34,Thundery Showers,55,95,5,15,N,19,11,9,15,7
2024/2/21,25,34,Thundery Showers,55,95,5,15,N,13,6,8,6,12
2024/2/20,25,34,Thundery Showers,55,95,5,15,NE,21,8,11,11,9
2024/2/19,24,34,Thundery Showers,60,95,5,15,NNE,9,9,9,4,22
2024/2/18,24,33,Thundery Showers,60,95,10,20,NE,19,9,6,9,12
2024/2/17,25,33,Showers,60,90,5,10,VARIABLE,22,12,18,12,9
2024/2/16,24,33,Partly Cloudy (Day),65,95,10,25,NE,20,10,8,15,11
2024/2/15,24,33,Thundery Showers,65,95,10,25,NE,26,20,10,18,27
2024/2/14,23,32,Thundery Showers,65,95,15,25,NE,18,9,14,12,14
2024/2/13,24,32,Thundery Showers,65,95,15,25,NE,20,13,17,18,14
2024/2/12,24,33,Showers,65,95,20,30,NE,16,11,10,11,11
2024/2/11,24,33,Showers,60,95,20,30,NE,14,8,5,9,14
2024/2/10,24,34,Moderate Rain,55,95,15,25,NNE,30,12,14,13,13
2024/2/9,24,34,Passing Showers,55,95,15,25,NE,33,12,12,19,19
2024/2/8,24,34,Thundery Showers,60,95,10,20,N,22,13,11,18,13
2024/2/7,24,34,Thundery Showers,60,95,10,15,N,19,11,8,10,13
2024/2/6,24,34,Thundery Showers,60,95,10,20,N,25,10,7,13,15
2024/2/5,25,35,Showers,50,90,10,20,NNE,13,7,5,10,6
2024/2/4,25,35,Fair & Warm,50,90,10,20,NNW,13,7,5,9,12
2024/2/3,25,35,Fair & Warm,50,90,10,20,NNW,23,11,6,9,15
2024/2/2,24,34,Thundery Showers,65,95,10,15,NNW,15,10,8,5,11
2024/2/1,24,34,Thundery Showers,65,95,10,20,N,22,8,7,6,16
2024/1/31,24,34,Thundery Showers,60,95,10,20,NNE,10,12,6,12,17
2024/1/30,24,34,Thundery Showers,60,95,10,20,NNE,20,7,6,17,12
2024/1/29,24,33,Windy,60,90,15,30,NNE,9,9,5,10,18
2024/1/28,24,33,Showers,65,95,15,30,NE,18,9,9,14,14
2024/1/27,24,33,Passing Showers,55,90,15,30,NE,22,12,10,12,14
2024/1/26,24,34,Passing Showers,55,95,15,30,NE,24,9,10,15,15
2024/1/25,24,33,Thundery Showers,65,95,15,25,NE,16,6,7,11,11
2024/1/24,23,33,Thundery Showers,70,100,10,25,NE,19,7,7,17,11
2024/1/23,24,33,Thundery Showers,65,95,10,25,NE,15,8,7,16,11
2024/1/22,24,34,Thundery Showers,60,95,10,15,NNE,11,3,8,9,10
2024/1/21,24,33,Thundery Showers,65,95,10,20,NNE,36,5,7,9,7
2024/1/20,23,33,Thundery Showers,60,95,10,15,N,7,7,5,7,8
2024/1/19,23,30,Moderate Rain,70,95,10,20,NNE,15,3,4,4,5
2024/1/18,24,31,Showers,65,95,10,20,NNE,19,6,8,6,9
2024/1/17,24,32,Passing Showers,70,95,15,25,NNE,7,12,5,5,6
2024/1/16,24,32,Thundery Showers,65,95,10,25,NE,28,6,9,8,9
2024/1/15,24,32,Thundery Showers,65,95,10,25,NE,14,4,5,10,6
2024/1/14,24,32,Showers,65,95,10,20,NE,13,8,10,8,9
2024/1/13,24,33,Showers,65,95,10,20,NNE,9,8,11,5,5
2024/1/12,23,32,Showers,65,95,10,20,NNE,17,9,11,15,15
2024/1/11,23,31,Thundery Showers,65,95,10,20,NNE,13,10,11,12,12
2024/1/10,23,32,Thundery Showers,65,95,10,25,NE,10,7,3,7,7
2024/1/9,23,32,Thundery Showers,65,95,15,25,NE,17,7,7,9,7
2024/1/2,24,33,Thundery Showers,65,95,10,25,N,2,4,6,3,4
2024/1/1,24,33,Thundery Showers,65,95,10,20,NNE,11,4,4,5,4
2023/12/31,24,32,Thundery Showers,65,95,10,20,NNE,7,7,4,7,11
2023/12/30,24,33,Thundery Showers,70,95,10,25,NNE,4,2,2,3,3
2023/12/29,24,33,Thundery Showers,65,95,5,15,NNE,6,4,7,9,6
2023/12/28,24,33,Thundery Showers,65,95,5,15,NE,4,2,4,3,4
2023/12/27,24,32,Thundery Showers,65,95,5,15,ENE,6,6,7,9,9
2023/12/26,23,33,Thundery Showers,65,95,10,25,NE,6,5,4,5,5
2023/12/25,23,33,Thundery Showers,65,95,10,25,NE,15,7,10,9,13
2023/12/24,24,33,Thundery Showers,70,95,10,20,NNW,11,9,6,11,15
2023/12/23,24,33,Thundery Showers,65,95,10,20,WSW,12,9,8,8,8
2023/12/22,24,33,Thundery Showers,65,95,10,25,NW,5,5,5,4,12
2023/12/21,23,33,Showers,65,95,15,30,N,9,8,3,5,5
2023/12/20,24,33,Thundery Showers,65,95,10,25,N,16,4,3,3,3
2023/12/19,24,33,Thundery Showers,65,95,10,20,NNE,4,4,4,7,9
2023/12/18,24,33,Thundery Showers,65,95,10,20,NNE,14,5,6,4,7
2023/12/17,24,33,Thundery Showers,65,95,10,20,NNE,9,4,14,8,4
2023/12/16,24,34,Thundery Showers,65,95,10,20,NNE,7,5,4,6,5
2023/12/15,24,34,Thundery Showers,60,95,5,15,N,8,4,4,7,4
2023/12/14,23,34,Thundery Showers,65,95,5,10,VARIABLE,21,4,6,6,7
2023/12/13,24,34,Thundery Showers,65,95,5,15,NNW,8,6,5,11,11
2023/12/12,24,34,Thundery Showers,60,95,5,15,NNW,11,10,6,9,7
2023/12/11,24,33,Thundery Showers,60,95,5,15,NNW,17,7,7,7,10
2023/12/10,24,33,Thundery Showers,60,95,10,15,NW,11,9,7,7,7
2023/12/9,24,33,Thundery Showers,60,95,5,15,NNW,12,4,7,6,8
2023/12/8,24,34,Thundery Showers,60,95,10,20,NNE,16,6,6,6,12
2023/12/7,24,34,Thundery Showers,60,95,10,20,N,10,6,6,9,14
2023/12/6,24,33,Thundery Showers,60,95,5,15,NNW,8,7,7,4,4
2023/12/5,24,34,Thundery Showers,60,95,5,10,NE,15,6,4,6,6
2023/12/4,24,34,Thundery Showers,55,95,5,10,VARIABLE,18,8,5,6,9
2023/12/3,24,34,Thundery Showers,55,95,5,10,VARIABLE,7,8,6,11,13
2023/12/2,24,33,Thundery Showers,60,95,5,10,VARIABLE,10,5,4,5,3
2023/12/1,24,34,Thundery Showers,65,95,5,10,VARIABLE,10,6,8,4,10
2023/11/30,24,32,Thundery Showers,65,95,10,20,NNE,11,5,10,10,13
2023/11/29,24,33,Thundery Showers,60,95,5,15,NW,4,9,4,9,10
2023/11/28,24,34,Thundery Showers,60,95,5,15,VARIABLE,11,21,14,17,17
2023/11/27,24,34,Thundery Showers,60,95,10,20,NW,13,10,8,7,12
2023/11/25,24,32,Moderate Rain,60,95,10,20,WNW,3,6,4,6,8
2023/11/24,24,34,Thundery Showers,60,95,10,20,WNW,8,4,6,14,12
2023/11/23,24,34,Thundery Showers,60,95,10,20,NW,6,5,4,3,5
2023/11/22,24,33,Thundery Showers,65,95,10,20,WNW,14,13,11,11,12
2023/11/21,24,33,Thundery Showers,65,95,10,20,NNW,21,4,8,9,13
2023/11/20,24,34,Thundery Showers,65,95,10,20,N,14,9,3,5,14
2023/11/19,24,33,Thundery Showers,65,95,10,20,N,9,7,11,4,10
2023/11/18,24,34,Thundery Showers,65,95,10,20,NNW,11,11,5,10,18
2023/11/17,24,34,Thundery Showers,60,95,10,25,NNW,15,3,5,8,8
2023/11/16,24,34,Thundery Showers,60,95,5,15,W,6,6,6,4,7
2023/11/15,24,34,Thundery Showers,60,95,5,15,W,10,7,7,6,8
2023/11/14,24,34,Thundery Showers,65,95,5,15,WSW,9,6,5,6,8
2023/11/13,24,35,Thundery Showers,55,95,5,15,VARIABLE,12,4,5,10,8
2023/11/12,24,34,Thundery Showers,55,95,5,15,SE,11,12,5,9,12
2023/11/11,24,34,Thundery Showers,55,95,5,15,W,6,5,3,4,5
2023/11/10,24,34,Thundery Showers,55,95,5,15,WSW,17,8,4,7,11
2023/11/9,24,34,Thundery Showers,60,95,5,15,SW,18,11,7,9,10
2023/11/8,24,33,Thundery Showers,60,90,5,15,WSW,13,3,7,6,12
2023/11/7,24,34,Thundery Showers,60,95,5,15,WSW,14,11,11,7,23
2023/11/6,24,34,Thundery Showers,60,95,5,15,WSW,23,26,15,10,28
2023/11/5,24,34,Thundery Showers,60,95,5,15,VARIABLE,22,20,7,16,23
2023/11/4,24,34,Thundery Showers,60,95,5,15,VARIABLE,44,7,23,24,59
2023/11/3,24,34,Thundery Showers,60,95,5,15,S,12,13,9,8,18
2023/11/2,24,35,Thundery Showers,60,95,5,10,SSW,8,2,4,5,5
2023/11/1,24,34,Thundery Showers,60,95,5,10,SW,32,9,14,26,24
2023/10/31,24,34,Thundery Showers,60,95,5,10,S,21,3,11,5,19
2023/10/30,24,34,Thundery Showers,60,95,5,10,VARIABLE,9,8,13,19,26
2023/10/29,24,34,Thundery Showers,60,95,5,10,VARIABLE,21,11,15,23,31
2023/10/28,24,34,Thundery Showers,60,95,5,10,VARIABLE,10,4,8,7,27
2023/10/27,24,34,Thundery Showers,60,95,5,15,ENE,46,9,11,13,29
2023/10/26,24,34,Thundery Showers,60,95,5,15,SE,39,14,17,27,41
2023/10/25,25,34,Thundery Showers,60,95,10,20,S,11,6,13,9,14
2023/10/24,24,34,Thundery Showers,60,95,5,15,SW,19,9,14,14,22
2023/10/23,23,34,Thundery Showers,60,95,5,10,VARIABLE,21,11,14,16,21
2023/10/22,24,34,Thundery Showers,60,95,5,10,VARIABLE,30,10,13,22,27
2023/10/21,24,34,Thundery Showers,60,95,5,10,VARIABLE,20,7,10,13,24
2023/10/20,24,34,Thundery Showers,60,95,5,10,VARIABLE,12,5,9,10,16
2023/10/19,24,33,Thundery Showers,60,95,5,10,VARIABLE,25,8,9,9,18
2023/10/18,24,34,Thundery Showers,60,95,5,10,ENE,34,21,9,20,25
2023/10/17,24,33,Thundery Showers,60,95,5,15,S,31,9,12,21,28
2023/10/16,25,34,Showers,55,90,10,20,SSW,12,11,20,13,29
2023/10/15,26,35,Fair & Warm,55,85,15,25,S,37,10,17,17,29
2023/10/14,26,35,Fair & Warm,55,85,15,25,S,41,10,16,14,25
2023/10/13,25,35,Fair & Warm,55,85,15,25,SSW,19,21,17,21,18
2023/10/12,24,35,Thundery Showers,55,90,10,20,SSE,22,14,13,21,22
2023/10/11,24,34,Thundery Showers,60,90,5,15,SSE,12,17,23,19,22
2023/10/10,24,34,Thundery Showers,60,90,5,15,SSW,44,10,14,16,27
2023/10/9,24,35,Thundery Showers,60,90,5,15,SSW,16,14,15,19,29
2023/10/7,26,34,Slightly Hazy,50,85,10,20,SE,10,13,11,15,29
2023/10/6,25,34,Fair & Warm,50,85,10,20,SE,27,17,18,28,25
2023/10/5,25,33,Showers,55,90,10,20,SE,45,18,22,27,44
2023/10/4,25,34,Thundery Showers,60,90,10,15,S,35,24,23,35,43
2023/10/3,24,33,Thundery Showers,60,95,10,15,S,75,31,31,46,70
2023/10/2,24,33,Thundery Showers,60,95,10,20,SSE,12,12,11,22,21
2023/10/1,24,34,Thundery Showers,60,95,10,20,SSE,20,9,11,15,20
2023/9/30,24,34,Showers,55,90,10,20,SSE,26,15,21,21,36
2023/9/29,24,34,Thundery Showers,60,95,10,20,SSE,36,16,19,27,27
2023/9/28,26,34,Showers,55,90,10,20,SSE,21,17,18,24,25
2023/9/27,26,34,Windy,50,85,15,25,SSE,34,20,23,30,48
2023/9/26,26,33,Windy,50,85,15,30,SSE,39,17,18,29,45
2023/9/25,25,33,Partly Cloudy (Day),55,90,10,30,S,39,18,21,36,37
2023/9/24,24,33,Thundery Showers,60,95,10,20,SSW,24,20,9,12,17
2023/9/23,24,33,Thundery Showers,60,95,10,15,SSW,10,6,7,19,19
2023/9/22,24,33,Thundery Showers,60,95,10,15,SSW,39,12,19,22,32
2023/9/21,23,33,Thundery Showers,60,95,10,15,SW,12,5,9,7,12
2023/9/20,24,33,Thundery Showers,60,95,10,20,SW,14,13,21,25,28
2023/9/19,25,34,Thundery Showers,60,95,5,15,SW,23,9,10,21,27
2023/9/18,25,33,Thundery Showers,60,95,5,15,ESE,8,4,4,4,5
2023/9/17,25,33,Thundery Showers,60,95,10,20,SSE,20,5,8,10,17
2023/9/16,25,33,Thundery Showers,60,95,10,20,SSE,5,5,13,6,15
2023/9/15,26,34,Thundery Showers,50,85,15,30,SSE,15,9,9,7,11
2023/9/14,26,34,Windy,50,85,15,30,SSE,16,9,12,8,15
2023/9/13,26,34,Windy,50,85,15,30,SSE,34,10,13,15,23
2023/9/12,25,33,Thundery Showers,55,90,15,25,SSE,30,15,16,21,21
2023/9/11,26,33,Windy,50,85,15,30,SSE,25,6,17,17,18
2023/9/10,26,34,Windy,50,85,15,30,SSE,13,5,9,14,13
2023/9/9,25,33,Thundery Showers,60,95,10,20,S,12,4,8,9,12
2023/9/8,25,33,Thundery Showers,60,95,10,20,S,29,19,22,22,34
2023/9/7,25,33,Thundery Showers,60,95,10,15,SSE,28,12,15,20,20
2023/9/6,25,33,Thundery Showers,60,95,10,20,SSE,13,14,12,12,11
2023/9/5,25,33,Thundery Showers,60,95,10,20,SSE,23,15,12,8,16
2023/9/4,26,33,Thundery Showers,60,90,10,20,SSE,13,4,8,13,17
2023/9/3,26,33,Windy,50,85,15,30,SSE,14,7,10,8,14
2023/9/2,25,33,Windy,50,85,15,30,SSE,29,15,16,30,32
2023/9/1,25,33,Windy,50,85,10,25,S,23,10,13,15,22
2023/8/31,26,33,Windy,50,85,15,30,SSE,31,13,14,30,28
2023/8/30,25,34,Showers,60,90,15,25,S,26,8,15,20,22
2023/8/29,25,33,Showers,60,95,10,20,S,29,4,15,12,26
2023/8/28,25,33,Thundery Showers,60,95,10,20,S,16,9,12,18,17
2023/8/27,25,33,Thundery Showers,60,95,10,20,S,21,7,10,15,15
2023/8/26,24,33,Thundery Showers,60,95,10,15,S,39,14,7,19,28
2023/8/25,25,33,Thundery Showers,60,95,10,15,SSE,25,10,9,15,14
2023/8/24,26,34,Thundery Showers,60,90,10,20,SE,18,7,10,17,17
2023/8/23,26,33,Thundery Showers,60,90,10,20,SSE,20,22,12,13,24
2023/8/22,26,34,Fair (Day),50,90,15,25,SSE,17,7,15,10,7
2023/8/21,26,34,Partly Cloudy (Day),50,90,15,25,SSE,11,4,9,9,9
2023/8/20,25,33,Thundery Showers,60,95,15,30,S,14,9,7,11,12
2023/8/19,25,33,Thundery Showers,60,95,10,25,SSW,17,9,10,8,12
2023/8/18,25,33,Thundery Showers,60,95,10,25,SSW,26,13,14,16,30
2023/8/17,25,34,Thundery Showers,60,95,10,20,S,15,6,4,8,6
2023/8/16,25,34,Thundery Showers,60,95,10,20,S,10,7,7,7,11
2023/8/15,25,34,Thundery Showers,60,95,10,20,SSE,20,10,18,13,19
2023/8/14,25,33,Thundery Showers,60,95,5,15,SSE,30,6,15,13,22
2023/8/13,25,33,Thundery Showers,60,95,10,20,SSE,17,15,11,11,16
2023/8/12,26,34,Thundery Showers,60,95,10,20,SSE,12,7,10,4,13
2023/8/11,23,34,Thundery Showers,60,90,10,20,S,23,11,12,17,20
2023/8/10,26,34,Fair (Day),55,90,10,20,S,28,17,12,19,21
2023/8/9,25,34,Thundery Showers,60,90,10,20,S,14,12,7,12,13
2023/8/8,25,33,Thundery Showers,60,95,10,20,SSE,8,5,13,10,14
2023/8/7,25,33,Thundery Showers,60,90,15,25,S,14,5,6,12,11
2023/8/6,25,33,Thundery Showers,60,90,15,30,S,7,6,11,12,8
2023/8/5,26,34,Fair (Day),50,90,10,20,SSE,8,4,6,8,9
2023/8/4,26,34,Fair (Day),50,90,10,20,SSE,13,4,13,8,14
2023/8/3,25,34,Thundery Showers,60,95,15,25,SSE,16,7,10,13,17
2023/8/2,26,34,Showers,60,95,10,20,SSE,16,15,9,12,19
2023/8/1,25,34,Thundery Showers,60,95,15,25,S,16,3,16,9,21
2023/7/31,25,34,Thundery Showers,60,95,15,25,S,13,5,9,12,16
2023/7/30,25,34,Showers,55,95,15,25,SSE,12,8,18,6,19
2023/7/29,25,34,Showers,55,95,20,30,SSE,14,9,9,8,10
2023/7/28,25,33,Thundery Showers,60,95,20,30,S,12,7,5,9,10
2023/7/27,26,34,Windy,50,90,20,30,S,16,8,10,10,14
2023/7/26,26,34,Windy,55,90,20,30,S,16,8,15,22,22
2023/7/25,26,34,Windy,60,90,20,30,S,16,10,14,17,18
2023/7/24,26,34,Windy,55,90,20,30,SSW,18,13,18,21,24
2023/7/23,25,33,Thundery Showers,55,90,15,25,SSW,10,4,9,4,14
2023/7/22,25,34,Showers,60,95,10,20,S,6,4,6,7,6
2023/7/21,25,30,Partly Cloudy (Day),60,90,5,10,VARIABLE,9,3,7,9,14
2023/7/20,25,34,Showers,60,95,10,20,S,18,7,11,14,18
2023/7/19,24,31,Thundery Showers,65,95,15,25,S,19,4,7,8,13
2023/7/18,24,32,Thundery Showers,65,95,15,25,S,29,10,15,22,25
2023/7/17,24,33,Thundery Showers,60,95,15,25,S,10,6,12,10,14
2023/7/16,26,34,Showers,55,95,15,25,S,10,8,7,5,6
2023/7/15,26,34,Fair (Day),50,90,10,25,SW,21,6,15,23,18
2023/7/14,25,34,Windy,60,90,15,25,SW,23,11,13,18,26
2023/7/13,24,33,Thundery Showers,60,95,10,20,SSW,16,7,7,14,14
2023/7/12,24,33,Thundery Showers,60,95,10,20,SSE,18,7,14,9,11
2023/7/11,24,33,Thundery Showers,60,95,10,20,SSE,20,17,15,25,32
2023/7/10,24,33,Thundery Showers,60,95,5,15,S,9,37,14,4,15
2023/7/9,24,33,Thundery Showers,60,95,5,15,SSW,13,4,4,3,9
2023/7/8,25,33,Thundery Showers,60,90,10,25,SE,6,6,6,4,4
2023/7/7,25,34,Thundery Showers,60,95,10,25,SE,19,5,10,20,24
2023/7/6,25,34,Thundery Showers,60,95,10,15,S,6,5,4,6,5
2023/7/5,25,34,Thundery Showers,60,95,5,15,VARIABLE,14,4,8,9,15
2023/7/4,25,34,Thundery Showers,60,95,5,15,VARIABLE,12,4,9,7,10
2023/7/3,25,34,Thundery Showers,60,95,5,15,SE,7,4,7,7,11
2023/7/2,25,34,Thundery Showers,60,95,5,15,SE,6,4,8,4,6
2023/7/1,24,34,Showers,60,95,10,25,S,4,6,1,5,7
2023/6/30,24,33,Thundery Showers,65,95,10,25,SW,5,3,11,5,8
2023/6/29,24,33,Thundery Showers,60,95,15,25,SSW,5,4,8,8,7
2023/6/28,24,33,Thundery Showers,60,95,15,25,SSW,2,3,4,4,2
2023/6/27,24,33,Thundery Showers,60,95,10,20,SSW,14,7,9,14,18
2023/6/26,24,33,Thundery Showers,60,95,10,20,SW,12,5,7,6,15
2023/6/25,24,33,Thundery Showers,65,95,10,20,SW,9,9,9,12,10
2023/6/24,24,34,Thundery Showers,60,95,10,20,SSW,10,14,3,6,12
2023/6/23,25,34,Thundery Showers,60,95,10,20,SSW,6,3,2,6,3
2023/6/22,25,34,Thundery Showers,60,95,10,20,SSW,26,23,12,11,26
2023/6/21,25,34,Thundery Showers,60,95,5,15,SSE,2,2,4,5,6
2023/6/20,25,34,Thundery Showers,60,90,5,10,VARIABLE,13,6,10,12,11
2023/6/19,25,34,Thundery Showers,65,95,5,15,SSE,8,5,6,11,16
2023/6/18,25,34,Thundery Showers,65,95,5,15,SW,8,4,2,8,5
2023/6/17,26,34,Thundery Showers,50,95,5,15,SW,10,6,6,12,8
2023/6/16,26,34,Fair (Day),50,90,10,20,SSW,28,6,8,12,17
2023/6/15,25,34,Fair (Day),50,90,10,25,S,9,7,8,3,16
2023/6/14,25,33,Thundery Showers,55,95,10,20,S,8,3,7,8,3
2023/6/13,24,33,Thundery Showers,60,95,10,20,S,5,3,8,9,5
2023/6/12,24,33,Thundery Showers,60,95,15,25,SSE,10,8,8,11,12
2023/6/11,25,34,Passing Showers,50,90,15,25,SSE,10,6,9,7,5
2023/6/10,26,34,Windy,50,90,15,25,SSE,9,3,7,6,14
2023/6/9,25,33,Thundery Showers,60,95,15,25,SSE,8,3,6,7,6
2023/6/8,25,34,Thundery Showers,60,95,10,20,SSE,9,3,4,8,6
2023/6/7,25,33,Thundery Showers,60,95,10,20,S,8,3,6,7,3
2023/6/6,25,34,Thundery Showers,60,95,10,15,S,6,4,6,5,5
2023/6/5,24,33,Thundery Showers,60,90,10,20,SSW,13,7,11,10,11
2023/6/4,25,34,Thundery Showers,55,95,10,20,SSW,13,4,8,16,12
2023/6/3,25,34,Thundery Showers,55,95,10,15,SSE,21,4,8,19,14
2023/6/2,25,35,Thundery Showers,55,95,10,20,SSE,18,8,3,7,7
2023/6/1,26,35,Thundery Showers,55,95,10,20,SSE,20,35,10,14,8
2023/5/31,24,34,Thundery Showers,55,95,10,25,SSW,16,5,6,12,11
2023/5/30,25,33,Thundery Showers,60,95,10,25,SW,16,3,7,6,9
2023/5/29,26,34,Thundery Showers,55,95,10,25,SW,14,10,4,16,12
2023/5/28,24,34,Thundery Showers,60,95,10,25,SW,8,3,3,7,3
2023/5/27,26,34,Thundery Showers,60,95,10,25,SW,5,11,6,8,9
2023/5/26,24,33,Thundery Showers,60,95,15,25,SW,7,8,4,10,4
2023/5/25,24,33,Thundery Showers,60,95,10,20,SW,11,7,9,7,14
2023/5/24,24,34,Thundery Showers,60,90,10,20,SW,20,6,11,20,13
2023/5/23,25,34,Thundery Showers,60,95,10,20,SW,17,9,8,10,13
2023/5/22,24,33,Thundery Showers,60,95,10,20,WSW,12,6,5,13,11
2023/5/21,24,33,Thundery Showers,65,95,10,15,SW,18,16,7,9,7
2023/5/20,24,33,Thundery Showers,60,95,10,15,SSW,14,3,8,8,6
2023/5/19,24,33,Thundery Showers,60,95,10,20,SW,15,19,7,14,10
2023/5/18,24,34,Thundery Showers,60,95,10,15,WSW,17,13,11,14,9
2023/5/17,24,33,Thundery Showers,60,95,10,15,WSW,12,5,5,14,5
2023/5/16,24,33,Thundery Showers,60,95,5,15,SW,9,3,3,13,13
2023/5/11,26,35,Thundery Showers,55,95,5,15,ESE,28,12,13,15,17
2023/5/10,26,35,Thundery Showers,55,95,5,15,ESE,8,6,6,11,14
2023/5/9,25,35,Fair (Day),55,90,5,15,SE,14,6,7,13,7
2023/5/8,24,33,Showers,55,90,10,15,SSW,4,5,4,3,3
2023/5/7,24,32,Windy,60,95,10,30,SSW,3,3,3,3,3
2023/5/6,24,34,Thundery Showers,55,95,15,25,SW,5,4,4,8,5
2023/5/5,24,34,Thundery Showers,60,95,5,15,WSW,3,4,6,3,4
2023/5/4,24,33,Thundery Showers,60,95,5,15,WSW,5,4,7,8,5
2023/5/3,25,34,Thundery Showers,60,95,5,10,ENE,17,7,8,18,14
2023/5/2,25,34,Thundery Showers,60,95,5,10,ENE,16,3,4,9,13
2023/5/1,25,35,Thundery Showers,60,95,5,10,E,12,7,2,9,7
2023/4/30,25,35,Thundery Showers,60,95,5,10,ENE,13,5,6,10,7
2023/4/29,25,35,Thundery Showers,60,95,5,10,NNW,33,4,8,10,9
2023/4/28,25,34,Thundery Showers,60,95,5,10,NNW,24,7,5,12,14
2023/4/27,25,35,Thundery Showers,55,95,5,10,NW,17,5,7,16,12
2023/4/26,25,35,Thundery Showers,55,95,5,10,ENE,9,8,7,10,18
2023/4/25,25,35,Thundery Showers,55,95,5,10,ENE,8,5,4,7,10
2023/4/16,24,35,Thundery Showers,55,95,10,15,WNW,12,4,5,17,12
2023/4/15,24,35,Thundery Showers,55,95,10,20,WNW,12,5,1,10,12
2023/4/14,24,35,Thundery Showers,55,95,10,20,WNW,9,7,4,9,11
2023/4/13,24,34,Thundery Showers,50,95,10,25,NW,6,5,6,6,4
2023/4/12,24,35,Thundery Showers,50,95,10,25,NW,8,5,4,8,12
2023/4/6,23,33,Cloudy,60,95,10,20,W,12,5,6,9,8
2023/4/5,23,32,Thundery Showers,60,95,10,20,W,9,10,8,15,8
2023/4/4,23,33,Thundery Showers,60,95,5,20,WNW,7,8,7,11,17
2023/4/3,24,33,Thundery Showers,65,100,5,20,WNW,18,9,9,17,19
2023/4/2,23,33,Thundery Showers,55,95,5,20,WNW,9,5,5,11,9
2023/4/1,23,33,Thundery Showers,65,95,5,15,NW,28,15,14,32,28
2023/3/31,24,34,Thundery Showers,55,95,5,15,N,23,11,13,21,27
2023/3/30,24,34,Thundery Showers,55,95,5,15,N,33,13,11,34,28
2023/3/29,24,33,Thundery Showers,65,95,5,15,NNE,23,10,12,23,25
2023/3/28,24,34,Thundery Showers,60,95,10,15,NE,21,6,11,18,13
2023/3/27,24,34,Thundery Showers,55,95,5,15,ENE,19,6,9,13,19
2023/3/26,24,34,Thundery Showers,60,95,5,10,NE,17,8,10,7,13
2023/3/25,24,34,Thundery Showers,60,95,5,10,NW,11,2,4,5,5
2023/3/24,24,34,Thundery Showers,60,95,5,10,NW,17,4,7,5,11
2023/3/23,24,34,Thundery Showers,60,95,5,10,VARIABLE,22,16,8,22,13
2023/3/22,24,34,Thundery Showers,60,95,5,10,VARIABLE,11,6,7,10,10
2023/3/21,24,34,Thundery Showers,55,95,5,10,VARIABLE,18,6,12,10,6
2023/3/20,24,33,Thundery Showers,55,95,5,15,NE,15,4,9,5,3
2023/3/19,24,34,Thundery Showers,55,95,5,15,NE,21,9,14,8,8
2023/3/18,24,34,Showers,55,95,10,20,NE,12,6,8,3,3
2023/3/17,24,34,Showers,55,95,10,20,NE,11,6,11,10,6
2023/3/16,23,33,Fair (Day),55,90,10,20,NE,26,7,10,7,9
2023/3/15,23,32,Fair (Day),55,90,10,20,NE,17,6,16,14,4
2023/3/14,24,33,Showers,50,90,10,20,NNE,11,7,9,7,6
2023/3/13,24,33,Showers,45,90,10,20,NNE,8,6,10,12,19
2023/3/12,24,34,Showers,55,90,10,25,NNE,11,7,7,11,12
2023/3/11,24,33,Fair (Day),60,95,10,15,NE,15,10,11,17,10
2023/3/10,24,32,Thundery Showers,60,95,10,15,NE,15,5,13,12,10
2023/3/9,24,32,Thundery Showers,60,95,10,15,ENE,16,7,10,15,14
2023/3/8,24,32,Thundery Showers,60,95,10,15,NE,16,7,6,13,18
2023/3/7,24,33,Showers,55,95,10,20,NNE,28,6,6,20,7
2023/3/6,24,34,Thundery Showers,55,95,10,25,NNE,21,8,6,14,19
2023/3/5,24,32,Thundery Showers,60,95,10,20,NNE,16,6,8,15,10
2023/3/4,23,31,Thundery Showers,65,95,10,25,NE,19,5,7,12,7
2023/3/3,22,29,Showers,75,100,15,30,N,16,5,6,11,13
2023/3/2,22,29,Thundery Showers,70,100,15,30,NE,11,7,7,11,13
2023/3/1,23,32,Showers,55,90,10,20,NNE,11,6,7,7,14
2023/2/28,22,27,Thundery Showers,80,100,10,20,NNE,19,9,5,23,9
2023/2/27,23,29,Thundery Showers,80,100,10,25,NE,16,4,10,7,10
2023/2/26,23,33,Showers,60,95,20,35,NNE,12,3,3,7,4
2023/2/25,23,32,Showers,60,95,20,35,NNE,25,6,7,10,12
2023/2/24,24,33,Windy,55,85,20,30,NNE,15,6,6,10,6
2023/2/23,24,34,Windy,55,90,15,30,NNE,7,3,2,5,4
2023/2/22,24,33,Showers,55,95,10,25,NNE,7,5,3,4,3
2023/2/21,24,33,Showers,55,95,10,25,NNE,4,3,3,3,3
2023/2/20,24,33,Thundery Showers,55,95,10,20,NNE,2,5,4,2,3
2023/2/18,24,33,Thundery Showers,60,90,10,20,NNE,13,8,3,5,6
2023/2/17,24,33,Thundery Showers,55,90,10,20,NNE,15,12,3,6,6
2023/2/16,24,33,Thundery Showers,55,90,10,20,NNE,14,7,6,8,8
2023/2/15,24,34,Windy,50,85,15,30,NNE,16,6,7,8,5
2023/2/14,24,33,Showers,55,90,15,20,NNE,13,6,7,11,10
2023/2/13,23,33,Thundery Showers,60,95,10,15,NNW,13,7,6,15,9
2023/2/12,22,32,Thundery Showers,60,95,5,15,NNW,14,7,6,11,5
2023/2/11,24,33,Thundery Showers,60,95,5,15,NNW,15,7,4,16,10
2023/2/10,24,33,Thundery Showers,55,95,10,20,NNW,11,11,7,8,8
2023/2/9,24,33,Thundery Showers,55,95,10,15,NNE,11,6,4,11,7
2023/2/8,24,33,Thundery Showers,55,95,10,15,NE,21,6,8,12,6
2023/2/7,24,33,Thundery Showers,55,95,10,20,NNE,23,8,7,16,11
2023/2/6,24,33,Showers,55,90,10,20,N,26,12,4,10,4
2023/2/5,23,33,Thundery Showers,60,95,10,20,NNW,10,8,7,7,12
2023/2/4,24,32,Thundery Showers,60,95,10,15,NNE,25,8,6,4,7
2023/2/3,24,32,Thundery Showers,55,95,10,20,N,13,4,4,7,8
2023/2/2,24,33,Thundery Showers,55,95,10,20,N,7,3,6,4,4
2023/2/1,24,32,Thundery Showers,60,95,10,20,NNE,6,5,6,4,7
2023/1/31,24,31,Showers,55,95,10,20,N,12,6,4,11,7
2023/1/30,23,31,Showers,60,95,15,25,NNE,16,5,6,7,7
2023/1/29,23,30,Showers,60,95,20,30,NNE,17,7,4,15,10
2023/1/28,22,29,Moderate Rain,70,100,20,35,NNE,10,3,4,6,4
2023/1/27,23,30,Showers,70,100,20,30,NNE,5,6,5,6,5
2023/1/26,24,32,Showers,60,95,15,30,NW,8,5,7,6,5
2023/1/25,23,31,Showers,60,95,15,25,N,10,6,4,3,4
2023/1/24,22,26,Moderate Rain,70,100,15,25,NE,22,5,4,5,9
2023/1/23,22,30,Thundery Showers,70,100,10,20,NNW,14,8,5,8,8
2023/1/22,23,32,Thundery Showers,65,95,10,15,NNE,9,6,7,10,11
2023/1/21,23,33,Thundery Showers,65,95,10,15,NNE,17,5,6,10,5
2023/1/20,23,31,Thundery Showers,65,95,10,20,NNE,10,4,6,5,7
2023/1/19,23,33,Passing Showers,55,95,10,20,NNE,3,5,5,3,4
2023/1/18,23,33,Thundery Showers,60,95,15,30,NNE,2,4,3,3,3
2023/1/17,23,34,Showers,55,95,15,25,NNE,8,5,6,8,5
2023/1/16,23,33,Passing Showers,55,95,15,25,NNE,7,3,4,4,3
2023/1/15,23,33,Thundery Showers,65,95,10,20,NNW,7,5,5,3,5
2023/1/14,23,33,Thundery Showers,65,95,5,20,NW,13,3,5,6,4
2023/1/13,23,33,Thundery Showers,60,95,5,15,NW,10,3,7,13,13
2023/1/12,23,33,Thundery Showers,60,95,5,15,VARIABLE,7,3,3,10,8
2023/1/11,24,34,Thundery Showers,55,95,5,15,SE,12,7,5,4,4
2023/1/10,24,33,Thundery Showers,55,95,5,15,SW,5,5,4,4,3
2023/1/1,24,33,Windy,55,90,15,30,N,15,7,7,6,9
2022/12/31,24,33,Windy,55,90,15,30,N,8,5,5,5,4
2022/12/30,24,33,Windy,55,85,15,30,N,13,8,5,6,13
2022/12/29,23,33,Thundery Showers,65,90,15,30,NW,23,10,9,17,21
2022/12/28,23,32,Thundery Showers,65,95,10,25,N,18,4,5,10,9
2022/12/27,24,33,Thundery Showers,60,95,10,20,N,25,12,6,28,22
2022/12/26,24,32,Showers,60,90,20,30,NNE,10,19,5,10,16
2022/12/25,24,33,Showers,60,90,20,30,NNE,37,11,9,23,11
2022/12/24,24,33,Windy,55,90,20,30,NNE,6,26,10,13,17
2022/12/23,23,32,Windy,60,95,15,30,N,18,15,7,14,14
2022/12/22,24,31,Light Rain,60,95,15,30,N,12,12,5,10,8
2022/12/21,23,33,Thundery Showers,60,95,10,20,N,19,5,8,16,8
2022/12/20,24,33,Thundery Showers,65,95,10,20,NNE,14,9,7,10,10
2022/12/19,24,33,Thundery Showers,65,95,10,15,NNE,15,7,10,16,12
2022/12/18,24,33,Thundery Showers,55,95,10,20,NE,21,18,5,12,10
2022/12/17,24,32,Thundery Showers,60,90,5,20,NE,13,7,6,12,14
2022/12/16,23,32,Thundery Showers,55,90,10,25,NE,13,9,8,10,9
2022/12/15,24,33,Thundery Showers,60,95,10,20,NE,16,7,10,11,17
2022/12/14,23,31,Thundery Showers,65,95,10,20,NE,7,8,4,9,5
2022/12/13,23,32,Thundery Showers,60,95,10,20,E,2,6,3,4,4
2022/12/12,24,32,Thundery Showers,55,95,10,20,ENE,23,3,6,6,3
2022/12/11,23,32,Thundery Showers,60,95,5,15,VARIABLE,10,6,6,6,5
2022/12/10,23,32,Thundery Showers,60,95,10,15,SE,17,5,4,11,5
2022/12/9,24,33,Thundery Showers,55,95,10,15,WNW,8,3,4,11,3
2022/12/8,23,31,Thundery Showers,55,95,10,20,NW,9,2,4,8,6
2022/12/7,24,33,Thundery Showers,55,95,10,20,NW,13,7,3,6,8
2022/12/6,24,33,Thundery Showers,55,95,10,20,NW,13,4,4,4,4
2022/12/5,24,33,Thundery Showers,55,95,5,15,NNW,10,4,8,7,5
2022/12/4,23,33,Thundery Showers,60,95,5,15,VARIABLE,3,9,3,5,8
2022/12/3,23,33,Thundery Showers,60,95,10,20,WSW,15,5,6,15,13
2022/12/2,24,33,Thundery Showers,55,95,10,25,W,15,6,5,8,3
2022/12/1,24,33,Thundery Showers,55,95,10,20,NW,9,4,5,3,5
2022/11/30,24,34,Thundery Showers,55,95,5,15,N,5,3,3,5,4
2022/11/29,24,33,Thundery Showers,60,95,5,15,NNW,5,4,6,11,8
2022/11/28,24,34,Thundery Showers,55,95,5,15,N,18,3,5,8,8
2022/11/27,24,33,Thundery Showers,60,95,5,15,NNW,15,3,4,16,16
2022/11/26,24,33,Thundery Showers,60,90,5,10,NW,18,31,7,12,12
2022/11/25,23,33,Thundery Showers,65,95,10,20,W,4,3,6,5,6
2022/11/24,23,33,Heavy Thundery Showers with Gusty Winds,65,95,15,30,W,8,4,4,8,5
2022/11/23,24,34,Partly Cloudy (Day),55,95,10,25,W,5,5,4,5,4
2022/11/22,23,34,Thundery Showers,55,95,15,25,W,13,8,5,5,6
2022/11/21,24,34,Windy,60,95,15,25,W,17,4,8,10,17
2022/11/20,23,33,Thundery Showers,65,95,15,30,WNW,26,3,5,16,12
2022/11/19,23,32,Thundery Showers,65,95,15,25,WNW,19,9,6,14,24
2022/11/18,24,32,Thundery Showers,65,95,15,25,NW,30,5,3,6,25
2022/11/17,24,33,Thundery Showers,65,95,10,25,WNW,14,9,5,13,22
2022/11/16,24,34,Thundery Showers,65,95,10,20,WNW,4,9,3,6,4
2022/11/15,24,33,Thundery Showers,65,100,10,20,NW,14,7,6,14,9
2022/11/14,24,33,Thundery Showers,60,95,10,20,NW,16,7,8,15,7
2022/11/12,24,33,Thundery Showers,65,95,5,15,VARIABLE,12,3,7,8,6
2022/11/11,24,33,Thundery Showers,65,95,5,15,VARIABLE,4,2,3,5,3
2022/11/10,24,33,Thundery Showers,60,95,5,15,NW,10,5,3,4,5
2022/11/9,23,30,Showers,65,95,10,20,NE,8,13,5,5,5
2022/11/8,24,33,Thundery Showers,65,95,10,25,NW,9,13,3,10,10
2022/11/7,24,33,Thundery Showers,65,95,10,25,N,8,8,8,6,6
2022/11/6,24,33,Thundery Showers,65,95,10,15,NNW,18,16,9,10,9
2022/11/5,24,34,Thundery Showers,65,95,5,15,NE,3,5,4,3,3
2022/11/4,23,33,Heavy Thundery Showers with Gusty Winds,65,95,10,20,SSW,9,2,7,10,10
2022/11/3,23,33,Thundery Showers,65,95,5,15,SSW,9,10,4,7,9
2022/11/2,23,32,Thundery Showers,65,95,5,15,SSW,5,8,4,6,3
2022/11/1,23,32,Thundery Showers,65,95,10,15,SW,14,4,5,15,12
2022/10/31,24,32,Thundery Showers,65,95,10,15,WNW,10,21,5,5,7
2022/10/30,23,33,Heavy Thundery Showers with Gusty Winds,65,95,10,25,WNW,18,4,5,10,13
2022/10/29,23,33,Thundery Showers,55,95,10,20,WNW,16,10,4,8,20
2022/10/28,23,33,Thundery Showers,55,95,10,25,W,4,3,3,8,6
2022/10/27,23,32,Thundery Showers,65,95,15,25,WNW,5,5,6,8,6
2022/10/26,23,32,Thundery Showers,65,95,15,25,WNW,9,7,7,16,15
2022/10/25,24,33,Thundery Showers,65,95,10,20,NW,5,13,5,19,8
2022/10/24,24,33,Thundery Showers,65,95,10,15,NW,13,4,5,6,5
2022/10/23,24,33,Thundery Showers,65,95,10,20,NW,3,3,3,3,3
2022/10/22,24,34,Thundery Showers,55,95,10,20,NW,6,3,6,4,3
2022/10/21,23,32,Thundery Showers,65,95,10,20,WNW,9,10,6,12,9
2022/10/20,23,32,Thundery Showers,65,95,10,25,WNW,9,5,5,8,9
2022/10/19,24,33,Thundery Showers,60,95,5,10,SSW,4,5,3,6,6
2022/10/18,24,33,Thundery Showers,65,95,5,15,SSW,11,5,4,9,6
2022/10/17,24,33,Thundery Showers,65,95,5,15,SW,9,7,4,7,7
2022/10/16,23,32,Thundery Showers,65,95,10,25,WSW,10,5,5,7,7
2022/10/15,23,32,Thundery Showers,65,95,10,25,W,10,4,4,5,5
2022/10/14,24,34,Thundery Showers,65,95,10,20,WNW,23,5,7,28,27
2022/10/13,24,34,Partly Cloudy (Day),65,95,15,25,W,12,4,6,13,15
2022/10/12,23,32,Thundery Showers,65,95,15,30,W,10,8,14,14,12
2022/10/11,23,33,Thundery Showers,65,95,10,20,SW,15,9,10,10,18
2022/10/10,23,32,Thundery Showers,65,95,10,20,SW,25,5,5,20,17
2022/10/9,24,33,Thundery Showers,65,95,5,15,SW,3,3,3,3,3
2022/10/8,24,33,Cloudy,60,90,5,10,SW,2,3,3,2,2
2022/10/7,24,32,Cloudy,60,90,5,15,SSW,3,6,5,5,5
2022/10/6,23,32,Thundery Showers,65,95,5,20,SW,9,6,9,9,12
2022/10/5,24,33,Thundery Showers,65,95,5,15,SW,6,7,4,9,13
2022/10/4,23,32,Thundery Showers,65,95,10,25,WSW,4,4,6,4,5
2022/10/3,23,33,Thundery Showers,65,95,5,15,VARIABLE,12,7,13,9,23
2022/10/2,24,33,Thundery Showers,65,95,5,15,VARIABLE,5,4,5,3,4
2022/10/1,24,33,Thundery Showers,65,95,5,15,WNW,18,4,8,11,9
2022/9/30,24,33,Thundery Showers,60,95,5,15,VARIABLE,15,4,10,7,12
2022/9/29,23,33,Thundery Showers,65,95,5,15,SSE,8,10,9,8,16
2022/9/28,24,33,Thundery Showers,65,90,10,20,SSW,16,24,24,10,19
2022/9/27,24,32,Thundery Showers,60,95,10,20,SW,16,9,7,10,19
2022/9/26,24,33,Thundery Showers,60,95,10,20,SSE,20,3,17,20,15
2022/9/25,23,31,Thundery Showers,65,95,10,25,SSW,18,6,19,7,13
2022/9/24,23,32,Thundery Showers,65,95,10,25,SSW,9,4,7,7,5
2022/9/23,23,33,Thundery Showers,65,95,10,25,SSW,25,6,21,26,22
2022/9/22,24,34,Partly Cloudy (Day),60,95,10,25,SSW,26,6,31,27,28
2022/9/21,23,32,Thundery Showers,65,95,10,25,SSW,12,4,4,13,4
2022/9/20,24,33,Thundery Showers,65,95,10,20,SW,40,8,29,22,26
2022/9/19,24,32,Thundery Showers,60,95,10,20,SSW,26,30,21,9,23
2022/9/18,23,32,Thundery Showers,60,95,10,20,SSW,11,14,15,7,14
2022/9/17,23,32,Thundery Showers,65,95,15,25,SW,20,16,19,12,15
2022/9/16,24,33,Thundery Showers,60,90,10,25,S,18,11,23,17,15
2022/9/15,25,33,Thundery Showers,60,90,10,20,S,10,7,7,8,5
2022/9/14,24,33,Thundery Showers,65,95,10,25,SSE,14,18,10,14,13
2022/9/13,23,33,Thundery Showers,65,95,15,25,S,12,12,24,9,20
2022/9/12,23,32,Thundery Showers,65,95,10,20,SW,6,6,7,3,10
2022/9/11,24,32,Thundery Showers,65,95,10,20,SE,18,15,6,11,10
2022/9/10,24,33,Thundery Showers,60,95,5,15,SW,15,8,19,10,10
2022/9/9,25,33,Thundery Showers,60,95,5,15,SSE,15,5,24,12,12
2022/9/8,25,34,Thundery Showers,60,95,5,15,SSE,30,10,41,26,33
2022/9/7,24,34,Thundery Showers,60,90,10,20,SSW,7,8,5,7,8
2022/9/6,23,32,Thundery Showers,65,95,10,20,SW,19,6,10,12,8
2022/9/5,24,33,Thundery Showers,60,95,5,15,SSE,18,12,29,16,24
2022/9/4,23,34,Thundery Showers,60,95,10,15,SSE,19,10,13,14,13
2022/9/3,24,34,Partly Cloudy (Day),60,90,10,25,SSW,18,15,16,9,18
2022/9/2,23,32,Thundery Showers,65,95,15,25,SW,6,5,4,7,10
2022/9/1,23,32,Thundery Showers,65,95,10,25,SW,7,26,18,9,26
2022/8/31,24,33,Thundery Showers,60,95,5,15,S,14,13,15,16,12
2022/8/30,24,31,Thundery Showers,65,95,10,20,SSW,28,10,17,16,16
2022/8/29,23,32,Thundery Showers,65,95,5,15,SSW,14,27,12,14,20
2022/8/28,24,33,Thundery Showers,60,95,5,15,SW,17,12,5,15,14
2022/8/27,24,34,Thundery Showers,60,95,5,15,SW,8,4,5,7,9
2022/8/26,24,33,Thundery Showers,60,95,5,15,SSW,7,5,8,6,9
2022/8/25,23,33,Thundery Showers,65,95,10,25,S,7,7,21,6,28
2022/8/24,23,33,Thundery Showers,60,95,15,30,SSW,5,14,11,5,6
2022/8/23,23,32,Thundery Showers,60,95,10,25,SSW,4,13,6,3,7
2022/8/22,25,33,Thundery Showers,65,95,10,20,SSE,5,12,6,9,9
2022/8/21,25,33,Thundery Showers,65,95,10,20,SSE,23,15,15,16,18
2022/8/20,23,33,Thundery Showers,65,95,10,20,SSE,23,18,14,20,18
2022/8/19,23,32,Thundery Showers,65,95,10,25,SSE,31,29,13,16,22
2022/8/18,23,34,Thundery Showers,60,95,10,20,SSE,22,21,10,30,26
2022/8/17,24,34,Thundery Showers,55,95,10,25,SSE,11,7,4,13,8
2022/8/16,24,33,Thundery Showers,60,95,10,20,SSE,17,10,9,8,12
2022/8/15,24,32,Thundery Showers,65,95,5,10,SW,5,21,8,5,7
2022/8/14,25,34,Thundery Showers,60,95,5,15,SSW,7,6,5,9,7
2022/8/13,25,33,Thundery Showers,65,95,5,15,S,5,6,3,5,5
2022/8/12,25,34,Thundery Showers,65,90,10,20,S,9,10,6,10,10
2022/8/11,25,33,Thundery Showers,65,95,10,25,S,13,23,7,9,13
2022/8/10,26,34,Fair (Day),55,90,10,20,SSE,17,15,9,16,13
2022/8/9,25,34,Thundery Showers,65,95,10,20,S,6,12,8,8,12
2022/8/8,25,34,Fair (Day),55,90,10,25,SSE,7,19,10,14,29
2022/8/7,24,33,Thundery Showers,60,95,10,25,S,2,28,22,8,21
2022/8/6,25,34,Fair (Day),55,85,10,25,S,9,41,26,30,30
2022/8/5,25,34,Cloudy,55,85,5,15,S,9,14,15,6,7
2022/8/4,25,33,Cloudy,60,90,10,25,SW,10,6,7,8,8
2022/8/3,24,32,Thundery Showers,65,95,10,20,SW,10,8,9,12,6
2022/8/2,23,32,Thundery Showers,65,95,10,20,SSE,18,10,6,14,10
2022/8/1,23,33,Thundery Showers,65,95,10,20,SW,20,23,19,18,16
2022/7/31,25,34,Thundery Showers,65,95,5,15,S,29,24,21,27,24
2022/7/30,25,33,Thundery Showers,65,95,10,25,SSE,9,9,14,5,7
2022/7/29,23,33,Thundery Showers,65,95,15,25,S,29,30,28,8,20
2022/7/28,23,33,Thundery Showers,65,95,15,25,S,4,6,12,5,6
2022/7/27,24,34,Thundery Showers,65,95,10,25,SSE,7,9,4,6,7
2022/7/26,23,32,Thundery Showers,65,95,10,20,SSE,4,8,12,5,8
2022/7/25,24,34,Thundery Showers,55,95,5,15,SW,5,8,7,5,5
2022/7/24,24,33,Thundery Showers,65,95,5,15,SW,18,16,15,7,13
2022/7/23,24,34,Thundery Showers,60,90,5,15,VARIABLE,7,5,5,5,5
2022/7/22,24,33,Thundery Showers,60,90,5,15,E,4,7,6,3,4
2022/7/21,24,34,Thundery Showers,60,90,10,20,ESE,9,9,24,14,17
2022/7/20,24,33,Thundery Showers,60,90,10,15,S,22,17,17,21,15
2022/7/19,25,33,Thundery Showers,65,95,10,20,SW,9,9,9,4,8
2022/7/18,25,34,Thundery Showers,60,95,10,20,S,6,6,6,4,7
2022/7/17,25,35,Partly Cloudy (Day),55,85,10,25,SSE,10,7,18,5,10
2022/7/16,25,35,Fair & Warm,55,85,10,25,SSE,21,22,25,18,24
2022/7/15,25,35,Partly Cloudy (Day),70,95,10,25,SSW,20,25,22,7,15
2022/7/14,24,35,Thundery Showers,70,95,10,25,SSW,14,24,16,14,22
2022/7/13,24,34,Thundery Showers,60,90,10,25,SW,13,6,15,11,12
2022/7/12,24,33,Thundery Showers,60,95,10,25,SSW,11,7,11,7,9
2022/7/11,23,33,Thundery Showers,60,95,10,25,SSW,10,8,9,7,8
2022/7/10,23,33,Thundery Showers,60,95,10,20,SSW,8,7,7,12,6
2022/7/9,24,34,Partly Cloudy (Day),55,90,10,20,S,6,4,5,3,3
2022/7/8,24,33,Thundery Showers,60,90,15,25,SSW,9,7,14,7,5
2022/7/7,25,34,Windy,60,90,15,25,SSW,10,10,7,6,10
2022/7/6,25,34,Windy,60,90,5,20,S,11,11,9,5,11
2022/7/5,24,34,Thundery Showers,60,95,5,15,SSE,14,8,20,8,11
2022/7/4,25,34,Thundery Showers,60,95,10,25,W,10,22,15,5,12
2022/7/3,25,34,Thundery Showers,55,90,5,15,S,7,17,20,11,14
2022/7/2,26,35,Fair & Warm,55,85,10,20,S,12,10,8,9,15
2022/7/1,26,35,Fair & Warm,55,85,10,25,S,9,6,14,7,11
2022/6/30,26,35,Fair & Warm,60,95,15,25,SW,9,6,5,11,6
2022/6/29,24,34,Thundery Showers,60,95,10,25,SW,5,13,24,5,5
2022/6/28,24,33,Thundery Showers,60,95,10,20,SSW,5,6,6,6,9
2022/6/27,24,33,Thundery Showers,60,95,10,20,SSW,7,7,15,7,7
2022/6/26,24,33,Thundery Showers,60,95,10,20,S,9,13,23,8,15
2022/6/25,24,34,Thundery Showers,55,95,10,20,S,18,18,16,14,16
2022/6/24,23,33,Thundery Showers,65,95,10,15,SSW,20,17,11,19,20
2022/6/23,24,33,Thundery Showers,65,95,10,15,SSW,7,8,6,13,8
2022/6/22,23,33,Thundery Showers,65,95,5,15,S,8,6,6,7,8
2022/6/21,23,32,Thundery Showers,65,95,10,20,S,15,13,10,5,7
2022/6/20,24,33,Thundery Showers,60,90,10,20,SSW,8,27,26,8,8
2022/6/19,23,33,Thundery Showers,60,90,10,20,SW,6,5,7,4,5
2022/6/18,24,33,Thundery Showers,60,95,5,15,SSW,5,7,6,5,7
2022/6/17,23,33,Thundery Showers,60,95,5,15,SSE,7,6,5,6,3
2022/6/16,24,33,Thundery Showers,60,95,5,15,SSE,6,6,5,3,5
2022/6/15,24,34,Thundery Showers,60,95,10,20,S,4,11,12,3,7
2022/6/14,23,33,Thundery Showers,60,95,10,20,S,8,7,6,7,5
2022/6/13,23,33,Thundery Showers,75,95,10,15,SSW,10,16,11,6,12
2022/6/12,24,33,Thundery Showers,55,95,5,15,SSW,9,7,4,7,4
2022/6/11,23,33,Thundery Showers,55,95,5,15,W,15,15,12,14,23
2022/6/10,24,33,Thundery Showers,60,95,5,15,W,19,14,13,7,17
2022/6/9,24,34,Thundery Showers,55,95,10,15,SW,7,8,7,7,7
2022/6/8,24,34,Thundery Showers,60,95,5,15,SW,19,18,16,20,20
2022/6/7,24,34,Thundery Showers,65,95,5,15,SW,19,26,22,9,12
2022/6/6,24,33,Thundery Showers,65,95,5,15,SW,7,31,17,8,17
2022/6/5,24,34,Thundery Showers,55,90,10,15,S,16,17,11,8,7
2022/6/4,24,34,Thundery Showers,55,95,5,15,S,5,6,10,5,5
2022/6/3,25,35,Thundery Showers,50,95,10,15,S,6,3,4,5,5
2022/6/2,25,34,Thundery Showers,55,95,5,15,S,12,26,19,5,7
2022/6/1,25,34,Thundery Showers,55,90,5,15,SSW,20,13,15,14,14
2022/5/31,25,34,Thundery Showers,55,90,5,15,SSW,15,11,6,16,14
2022/5/30,26,35,Fair & Warm,50,85,5,15,SW,14,19,17,9,10
2022/5/29,26,35,Fair & Warm,50,85,10,20,WSW,14,4,12,13,13
2022/5/28,26,35,Fair & Warm,50,85,10,20,WSW,13,19,8,10,10
2022/5/27,26,34,Thundery Showers,50,85,10,20,WSW,14,7,12,5,13
2022/5/26,26,35,Fair & Warm,50,85,10,20,SW,15,13,23,11,20
2022/5/25,26,35,Partly Cloudy (Day),50,90,5,15,NW,20,30,18,14,27
2022/5/24,25,34,Thundery Showers,55,90,5,15,VARIABLE,18,8,21,13,21
2022/5/23,25,34,Thundery Showers,60,90,5,15,SSE,24,21,18,16,26
2022/5/22,25,34,Thundery Showers,60,90,5,15,SSW,37,23,20,13,36
2022/5/21,24,34,Thundery Showers,50,90,10,20,SSW,16,7,11,9,15
2022/5/20,25,35,Fair & Warm,50,90,10,20,SW,28,21,17,22,30
2022/5/19,25,34,Thundery Showers,55,95,10,15,SW,16,7,15,11,18
2022/5/18,25,34,Thundery Showers,50,95,10,20,SE,10,7,20,7,14
2022/5/17,25,35,Fair & Warm,50,95,10,20,SE,22,8,21,12,26
2022/5/16,24,34,Showers,60,95,10,20,SW,19,11,12,11,19
2022/5/15,24,34,Thundery Showers,60,95,10,20,SW,9,17,27,10,30
2022/5/14,24,34,Thundery Showers,60,95,5,15,SSE,6,11,11,10,15
2022/5/13,26,35,Fair & Warm,55,85,5,15,SE,17,21,27,29,34
2022/5/12,26,35,Fair & Warm,55,85,5,15,VARIABLE,24,19,24,14,30
2022/5/11,24,34,Partly Cloudy (Day),55,90,10,20,SW,7,14,13,10,18
2022/5/10,24,34,Thundery Showers,55,95,10,20,SSE,14,19,19,13,19
2022/5/9,24,34,Thundery Showers,65,95,10,15,SSE,6,8,10,15,12
2022/5/8,24,33,Thundery Showers,65,95,10,15,SSE,7,9,15,8,11
2022/5/7,25,33,Thundery Showers,60,90,5,10,VARIABLE,11,13,12,6,16
2022/5/6,24,34,Thundery Showers,55,95,10,25,SSE,8,12,10,5,21
2022/5/5,23,33,Thundery Showers,60,95,10,20,S,23,11,11,8,18
2022/5/4,23,31,Thundery Showers,60,95,10,20,S,12,8,17,10,24
2022/5/3,23,32,Thundery Showers,60,95,10,20,SSW,5,7,3,10,6
2022/5/2,23,33,Thundery Showers,60,95,10,20,SSW,7,10,11,7,25
2022/5/1,23,33,Thundery Showers,60,95,10,20,SSW,3,4,5,5,6
2022/4/30,23,33,Thundery Showers,75,95,10,20,SSW,7,4,10,4,6
2022/4/29,23,33,Thundery Showers,55,85,10,20,W,4,5,9,4,5
2022/4/28,24,34,Thundery Showers,55,95,5,10,NW,5,7,8,7,19
2022/4/27,24,34,Thundery Showers,55,95,5,10,VARIABLE,4,8,6,3,8
2022/4/26,23,34,Thundery Showers,55,95,5,10,VARIABLE,3,2,6,6,5
2022/4/25,23,33,Thundery Showers,55,95,5,10,VARIABLE,2,3,9,3,4
2022/4/24,24,34,Thundery Showers,55,95,5,10,VARIABLE,3,3,3,5,6
2022/4/23,24,34,Thundery Showers,55,95,5,10,VARIABLE,18,11,17,7,22
2022/4/22,24,34,Thundery Showers,60,95,5,15,NE,8,5,7,5,7
2022/4/21,24,34,Thundery Showers,55,95,5,15,NE,11,16,21,34,41
2022/4/20,24,34,Thundery Showers,55,95,5,15,N,10,15,34,13,21
2022/4/19,24,34,Thundery Showers,60,90,5,15,N,21,27,20,15,28
2022/4/18,24,34,Thundery Showers,60,90,5,15,N,10,16,20,22,28
2022/4/17,25,34,Thundery Showers,70,100,5,10,VARIABLE,5,18,16,7,18
2022/4/16,24,33,Partly Cloudy (Day),70,95,10,20,W,17,19,28,12,26
2022/4/15,23,33,Thundery Showers,60,95,10,20,W,14,8,12,11,18
2022/4/14,23,33,Thundery Showers,60,95,10,25,W,23,8,20,17,26
2022/4/13,23,33,Thundery Showers,60,95,10,20,SW,38,7,26,17,22
2022/4/12,24,34,Thundery Showers,65,95,5,15,SW,25,7,23,14,18
2022/4/11,24,33,Thundery Showers,65,95,5,15,SW,8,3,9,7,9
2022/4/10,23,33,Thundery Showers,65,95,10,15,SW,10,23,13,8,8
2022/4/9,24,34,Thundery Showers,65,95,5,15,W,6,5,13,7,6
2022/4/8,24,34,Thundery Showers,60,95,10,15,WNW,14,8,21,11,16
2022/4/7,24,34,Thundery Showers,60,95,10,20,W,6,5,8,13,8
2022/4/6,23,33,Thundery Showers,60,95,5,15,NW,32,23,27,21,32
2022/4/5,24,34,Thundery Showers,60,95,5,15,NW,10,7,16,12,22
2022/4/4,24,34,Thundery Showers,60,95,5,15,NW,15,12,24,10,14
2022/4/3,24,34,Thundery Showers,60,95,10,15,WNW,17,7,18,13,13
2022/4/2,24,34,Thundery Showers,60,95,5,15,NW,7,3,4,4,5
2022/4/1,24,34,Thundery Showers,65,95,10,20,NW,22,6,17,15,17
2022/3/31,24,34,Thundery Showers,60,95,10,20,NW,5,5,6,6,12
2022/3/30,23,33,Thundery Showers,60,95,10,20,NW,12,11,15,10,13
2022/3/29,24,35,Thundery Showers,55,95,10,20,NW,24,10,12,12,10
2022/3/28,24,35,Thundery Showers,55,95,10,20,NNW,21,10,10,9,16
2022/3/27,24,35,Thundery Showers,55,95,10,20,NW,21,18,11,24,20
2022/3/26,24,34,Thundery Showers,55,95,5,15,NNE,36,12,24,21,28
2022/3/25,24,34,Thundery Showers,55,95,5,15,NNE,15,18,25,10,18
2022/3/24,24,34,Thundery Showers,55,95,5,15,NNE,21,10,14,25,20
2022/3/23,24,34,Thundery Showers,60,95,5,15,NE,21,9,14,9,9
2022/3/22,24,34,Thundery Showers,60,95,5,15,NE,13,11,14,7,7
2022/3/21,24,34,Thundery Showers,60,95,5,10,VARIABLE,23,11,10,10,10
2022/3/20,23,33,Thundery Showers,60,90,5,15,SSW,19,11,13,6,14
2022/3/19,24,34,Thundery Showers,55,95,5,15,SW,22,7,11,12,18
2022/3/18,24,34,Thundery Showers,55,95,5,15,WNW,17,12,12,12,39
2022/3/17,24,34,Thundery Showers,55,95,5,15,VARIABLE,16,6,12,7,12
2022/3/16,23,33,Heavy Thundery Showers with Gusty Winds,60,95,5,20,SW,11,9,17,9,12
2022/3/15,24,34,Thundery Showers,65,95,5,10,VARIABLE,10,4,6,6,15
2022/3/14,24,34,Thundery Showers,70,100,10,20,NW,3,2,5,6,5
2022/3/13,24,34,Thundery Showers,70,100,10,20,N,11,8,28,9,21
2022/3/12,24,34,Fair & Warm,60,85,15,25,N,9,6,9,4,5
2022/3/11,24,34,Showers,60,85,15,25,N,17,8,16,13,19
2022/3/10,24,34,Showers,55,85,15,25,N,20,13,17,14,27
2022/3/9,24,33,Thundery Showers,60,95,15,25,NNE,11,4,16,7,13
2022/3/8,24,33,Thundery Showers,60,95,10,25,NNE,17,12,11,11,22
2022/3/7,24,33,Thundery Showers,65,95,10,15,NNE,10,4,8,10,15
2022/3/6,24,34,Thundery Showers,55,95,10,15,NNE,16,7,9,8,14
2022/3/5,24,34,Thundery Showers,60,95,5,10,NNE,26,13,20,17,22
2022/3/4,24,33,Thundery Showers,60,95,10,20,NNW,23,13,12,11,13
2022/3/3,24,34,Thundery Showers,60,95,15,25,NNW,11,7,8,11,10
2022/3/2,24,34,Thundery Showers,60,95,15,25,N,8,5,6,8,8
2022/3/1,24,33,Thundery Showers,60,95,15,25,N,4,23,16,6,6
2022/2/28,24,34,Thundery Showers,60,95,10,15,NE,6,4,8,6,10
2022/2/27,23,33,Thundery Showers,60,95,15,25,NE,12,8,11,7,14
2022/2/26,24,33,Thundery Showers,60,95,15,25,ENE,6,6,4,8,9
2022/2/25,24,34,Thundery Showers,60,95,10,20,NW,7,9,10,8,11
2022/2/24,25,30,Partly Cloudy (Day),60,90,5,10,VARIABLE,14,6,11,9,9
2022/2/23,23,31,Showers,65,95,15,25,NNW,15,7,12,8,11
2022/2/22,24,33,Thundery Showers,60,95,15,25,N,16,18,11,7,13
2022/2/21,24,34,Partly Cloudy (Day),55,85,10,20,NNE,13,13,13,15,16
2022/2/20,24,34,Showers,60,90,10,20,NNE,6,14,10,6,23
2022/2/19,24,33,Thundery Showers,60,95,10,15,N,10,3,12,6,9
2022/2/18,24,34,Thundery Showers,60,95,10,15,NNE,9,5,9,6,10
2022/2/17,24,33,Thundery Showers,90,95,5,15,ENE,6,5,4,3,7
2022/2/16,24,33,Thundery Showers,75,95,5,15,NE,15,8,12,7,10
2022/2/15,24,33,Thundery Showers,65,95,5,15,E,14,12,10,9,13
2022/2/14,25,34,Thundery Showers,65,95,5,15,E,17,14,12,7,14
2022/2/13,25,34,Thundery Showers,65,95,5,15,E,12,6,14,8,26
2022/2/12,24,34,Thundery Showers,70,95,10,20,NE,7,3,9,7,13
2022/2/11,24,32,Thundery Showers,70,95,10,20,NE,9,8,5,8,13
2022/2/10,23,31,Thundery Showers,65,95,10,20,N,6,7,4,4,19
2022/2/9,23,31,Thundery Showers,65,95,10,20,NE,20,7,12,14,10
2022/2/8,23,31,Thundery Showers,65,95,10,25,NE,6,6,11,4,8
2022/2/7,23,31,Thundery Showers,65,95,15,20,NW,16,4,15,15,15
2022/2/6,25,33,Thundery Showers,65,95,15,30,NW,17,6,8,6,6
2022/2/5,24,33,Thundery Showers,65,95,10,25,N,11,8,12,11,11
2022/2/4,24,34,Thundery Showers,55,95,15,25,NE,12,9,9,7,9
2022/2/3,24,34,Thundery Showers,55,95,15,25,NE,7,4,6,7,9
2022/2/2,24,34,Thundery Showers,55,95,15,30,NE,6,4,7,6,10
2022/2/1,24,34,Showers,55,90,10,25,NE,6,2,3,4,20
2022/1/31,24,34,Showers,55,90,10,20,NNE,8,4,8,10,9
2022/1/30,24,34,Showers,55,90,5,15,N,9,3,10,5,5
2022/1/29,24,34,Showers,55,90,5,15,N,13,10,11,13,16
2022/1/28,24,34,Fair & Warm,50,85,10,20,NNE,13,9,16,11,19
2022/1/18,24,33,Thundery Showers,55,85,15,25,N,7,4,3,6,7
2022/1/17,24,33,Passing Showers,55,90,15,25,N,9,3,8,6,4
2022/1/16,24,33,Thundery Showers,60,90,15,25,NNE,10,7,6,6,15
2022/1/15,24,33,Passing Showers,60,90,15,30,NNE,12,7,12,14,12
2022/1/14,24,33,Windy,55,85,15,30,NNE,15,3,11,9,10
2022/1/13,24,33,Windy,55,85,15,30,NNE,18,10,10,6,16
2022/1/12,24,33,Windy,55,85,15,30,NNE,16,11,17,10,13
2022/1/11,24,33,Windy,55,85,15,30,NNE,23,8,14,14,19
2022/1/10,24,34,Windy,55,85,15,30,NNE,17,8,8,8,12
2022/1/9,24,33,Windy,55,85,15,25,NNE,18,5,9,8,7
2022/1/8,24,33,Passing Showers,55,90,10,25,NNE,16,10,12,6,12
2022/1/7,24,34,Thundery Showers,60,90,10,25,NE,15,9,10,4,37
2022/1/6,24,34,Thundery Showers,60,85,10,20,N,12,4,8,10,10
2022/1/5,24,33,Windy,65,95,15,30,N,13,6,12,7,16
2022/1/4,24,33,Passing Showers,65,95,15,30,NNW,13,4,12,10,14
2022/1/3,24,33,Thundery Showers,65,95,15,25,NNW,22,10,14,11,19
2022/1/2,23,31,Thundery Showers,70,100,10,15,VARIABLE,13,22,13,12,13
2022/1/1,23,31,Thundery Showers,70,95,10,20,NNE,22,10,15,12,15
2021/12/31,23,29,Thundery Showers,70,100,10,20,NNE,13,5,14,10,14
2021/12/30,23,31,Thundery Showers,70,95,10,20,NNE,17,4,10,8,26
2021/12/29,24,32,Thundery Showers,65,95,15,30,NNE,15,12,9,8,10
2021/12/28,24,34,Passing Showers,60,95,15,30,NNE,13,15,11,8,12
2021/12/27,24,34,Windy,60,95,10,25,N,11,10,12,6,11
2021/12/26,24,34,Thundery Showers,60,95,10,25,N,14,7,11,9,10
2021/12/25,24,34,Thundery Showers,60,95,10,25,N,15,9,10,8,10
2021/12/24,24,33,Light Rain,65,95,10,25,N,19,4,13,11,14
2021/12/23,24,33,Thundery Showers,65,95,10,20,NW,6,6,5,4,9
2021/12/22,24,33,Thundery Showers,70,95,10,15,NW,10,11,10,9,14
2021/12/21,24,34,Thundery Showers,55,95,10,15,NNE,12,4,6,5,5
2021/12/20,24,34,Thundery Showers,55,95,10,15,NW,9,6,11,7,12
2021/12/19,24,34,Thundery Showers,60,95,10,15,NW,7,3,5,3,5
2021/12/18,22,32,Thundery Showers,70,95,10,20,SW,2,3,6,4,5
2021/12/17,23,32,Showers,70,95,10,25,WNW,3,4,6,4,3
2021/12/16,24,33,Heavy Thundery Showers with Gusty Winds,65,95,10,25,NNW,9,9,5,7,5
2021/12/15,24,33,Thundery Showers,65,95,10,25,NNW,8,2,7,6,8
2021/12/14,24,33,Thundery Showers,65,95,10,25,NW,15,6,8,9,12
2021/12/13,24,32,Passing Showers,65,95,15,30,NNW,13,14,7,10,4
2021/12/12,24,31,Passing Showers,65,95,15,30,NNE,13,6,13,7,11
2021/12/11,23,32,Thundery Showers,65,100,15,30,NNE,24,8,21,13,18
2021/12/10,24,32,Thundery Showers,60,95,15,25,NNE,15,16,15,13,12
2021/12/9,24,33,Thundery Showers,60,95,15,25,NE,13,16,9,16,6
2021/12/8,24,33,Passing Showers,60,90,15,30,NNE,22,17,16,19,14
2021/12/7,24,33,Passing Showers,60,90,15,30,NNE,22,10,16,13,18
2021/12/6,24,33,Passing Showers,60,95,15,30,NNE,13,10,13,8,16
2021/12/5,24,34,Passing Showers,60,95,15,30,N,20,14,21,10,13
2021/12/4,24,33,Passing Showers,65,95,15,30,N,15,3,4,8,12
2021/12/3,24,32,Passing Showers,65,95,15,30,N,5,3,8,5,5
2021/12/2,23,31,Thundery Showers,65,95,15,25,N,9,10,12,6,11
2021/12/1,24,33,Thundery Showers,65,90,10,20,N,5,2,7,4,16
2021/11/30,24,34,Thundery Showers,55,90,10,20,NW,13,7,14,7,20
